<log4net>  
  <appender name="RollingFile" type="log4net.Appender.RollingFileAppender"> 
    <file type="log4net.Util.PatternString" value="Logs\paymentmanager-%utcdate{yyyy-MM-dd}.log" /> 	
    <threshold value="ALL" />  
    <appendToFile value="true" />  
    <rollingStyle value="Composite" />  
    <maximumFileSize value="1GB" />  
    <maxSizeRollBackups value="10" />  
    <datePattern value="yyyy-MM-dd" />  
    <layout type="log4net.Layout.PatternLayout">
	<conversionPattern value="*%-10level %-30date %message %newline" />
	 </layout>  
  </appender>  
  
  <root>  
    <level value="ALL" />  
    <appender-ref ref="RollingFile" />  
  </root>  
</log4net>  